2.129572680572429100e+00,6.299038503462330851e-01,1.000000000000000000e+00
1.888881797166726439e+00,1.462573014732188592e-01,1.000000000000000000e+00
-1.903570490364224765e-01,3.839928083710257845e-01,0.000000000000000000e+00
-4.044161892001291170e-01,1.952820076243196867e-01,1.000000000000000000e+00
3.730121638964445929e-01,-4.297156927888201028e-01,1.000000000000000000e+00
1.894720859814384983e+00,5.371821358371302590e-01,1.000000000000000000e+00
8.116396017421424469e-01,6.761467745101108484e-01,0.000000000000000000e+00
-1.177079640641058578e-02,9.341467412226583944e-01,0.000000000000000000e+00
-9.086752641730935220e-01,5.452107638880192564e-01,0.000000000000000000e+00
5.973765568273111670e-01,-7.623800364736779134e-01,1.000000000000000000e+00
-1.314390056163658338e+00,1.904535521022271416e-01,0.000000000000000000e+00
1.110123279881776448e-01,3.794480260754616308e-01,1.000000000000000000e+00
1.846064353493136467e+00,-6.718568205279693561e-01,1.000000000000000000e+00
1.672657827737386582e-01,5.104412319491612449e-01,0.000000000000000000e+00
3.160105999099521723e-02,-7.797424715629362735e-02,1.000000000000000000e+00
6.617756992377927805e-01,3.491268477521183855e-01,0.000000000000000000e+00
1.738486465983433149e+00,2.671951246553880277e-01,1.000000000000000000e+00
5.911836951539451990e-01,4.572235116160918711e-01,0.000000000000000000e+00
1.186457263641850224e+00,5.191050977862661231e-01,0.000000000000000000e+00
5.213537171745317167e-01,5.530497848580380182e-01,0.000000000000000000e+00
4.997550063643803053e-01,4.984498486983944820e-01,0.000000000000000000e+00
-8.526870493176684773e-01,2.398755091156389019e-01,0.000000000000000000e+00
-8.782208553154127184e-01,4.198922819704582476e-01,0.000000000000000000e+00
-3.387118690539100418e-01,1.002370043882150563e+00,0.000000000000000000e+00
1.722803233701489356e+00,-3.069029916723327034e-01,1.000000000000000000e+00
1.804072761934444546e+00,-1.754983900193479163e-01,1.000000000000000000e+00
1.388097805814146879e+00,-6.631883960659079591e-02,0.000000000000000000e+00
1.233682172246871378e+00,7.181751293321365637e-01,0.000000000000000000e+00
1.004414516722670792e+00,-2.400814440593463384e-01,1.000000000000000000e+00
6.777555271128270498e-01,2.285297602736376110e-01,0.000000000000000000e+00
1.904590216929525015e+00,-3.296063853428070622e-01,1.000000000000000000e+00
1.010950307312753704e+00,-1.829554388113082686e-01,1.000000000000000000e+00
-1.724548709123341905e-01,-1.811038887182942758e-01,1.000000000000000000e+00
1.304087895665519969e+00,-8.981991450360586882e-01,1.000000000000000000e+00
-7.172204480136030735e-01,5.259677395063190319e-01,0.000000000000000000e+00
7.706652511875953238e-01,-5.647222016159429980e-01,1.000000000000000000e+00
1.754287359508318822e+00,4.739015075128405474e-01,1.000000000000000000e+00
-6.974409790449892510e-01,6.034582863802576691e-01,0.000000000000000000e+00
1.818098745906943980e+00,3.155116910085700721e-01,1.000000000000000000e+00
-1.906950367785760492e-02,9.488575111314521138e-01,0.000000000000000000e+00
2.874965523046096871e-01,1.397332739060460183e+00,0.000000000000000000e+00
1.667701922049177998e+00,6.906523827894492928e-01,1.000000000000000000e+00
4.024546631692185183e-01,-1.129570981767123450e-01,1.000000000000000000e+00
9.078268224736630865e-01,3.560097547899482295e-02,1.000000000000000000e+00
-6.844266846136463078e-01,1.565750668975449011e+00,0.000000000000000000e+00
1.712555393733944609e+00,-1.506260781139960869e-01,1.000000000000000000e+00
1.868862361986364018e+00,-7.417173218606210039e-01,1.000000000000000000e+00
3.772117142158716296e-01,7.492338166941628907e-01,0.000000000000000000e+00
-4.493556373969352924e-01,8.863440010929445334e-01,0.000000000000000000e+00
4.427000993325476697e-01,-4.946290201441839174e-01,1.000000000000000000e+00
-7.470981042498570091e-02,6.277044621532635871e-01,0.000000000000000000e+00
-5.395822157570605571e-01,1.088056717737136525e+00,0.000000000000000000e+00
-3.256562757474494307e-01,6.129821752317585748e-01,0.000000000000000000e+00
-8.537472054988886061e-01,1.733965844512599108e-01,0.000000000000000000e+00
1.416041631127233469e+00,-1.128379398815003432e-01,1.000000000000000000e+00
5.093663801421128845e-01,-2.569319003460293627e-01,1.000000000000000000e+00
1.300621719295732281e-01,1.114959674582932214e+00,0.000000000000000000e+00
-2.569658676464873226e-01,1.006450505637654258e+00,0.000000000000000000e+00
2.487411743485390847e+00,4.574570230251223113e-01,1.000000000000000000e+00
-4.375535253784944567e-01,7.564829847040662747e-01,0.000000000000000000e+00
2.473167614263148406e-01,3.766270310271744304e-01,1.000000000000000000e+00
1.054820198119853947e+00,6.609833316823215954e-02,1.000000000000000000e+00
6.779842641850921670e-01,1.052531979915376281e+00,0.000000000000000000e+00
8.054545133182825500e-01,7.588308997673359757e-01,0.000000000000000000e+00
-7.938539805865528765e-01,4.963106376142362164e-01,0.000000000000000000e+00
5.000289429592186252e-03,9.526633873100089911e-01,0.000000000000000000e+00
-4.956292504601294002e-01,1.184324132944132746e+00,0.000000000000000000e+00
4.524677899370231349e-01,5.988758305895560685e-01,1.000000000000000000e+00
-3.281897067376027266e-02,7.081608266126172557e-01,0.000000000000000000e+00
-3.449161886893423734e-01,1.984141278486449278e-01,1.000000000000000000e+00
1.090051471268636218e+00,-8.495804892210094827e-01,1.000000000000000000e+00
-5.128913471837228677e-01,1.333575797211469460e+00,0.000000000000000000e+00
1.146289420654245994e+00,-5.553369480878256326e-03,1.000000000000000000e+00
-1.473972919319051500e-01,1.170545565651525344e+00,0.000000000000000000e+00
1.699238567786524046e+00,3.063779236384863158e-01,1.000000000000000000e+00
-1.548846269680104637e+00,6.377706801063118824e-01,0.000000000000000000e+00
-5.340283207452587444e-01,3.092532937301842866e-01,0.000000000000000000e+00
1.352278403061444978e+00,-4.342104056468026330e-01,1.000000000000000000e+00
6.530504936490796886e-02,-1.331182625554718502e-01,1.000000000000000000e+00
4.234660287556530900e-01,-9.397512923981823363e-01,1.000000000000000000e+00
1.498027082410387789e-01,9.731100186686080233e-01,0.000000000000000000e+00
-1.193956711801835047e+00,5.890304556211611864e-01,0.000000000000000000e+00
-6.567697284735729557e-01,8.512125163001662553e-01,0.000000000000000000e+00
1.483795269416604334e+00,3.136781483372630963e-01,1.000000000000000000e+00
1.446894544756334611e+00,6.145953072774666681e-02,1.000000000000000000e+00
6.740639982151702680e-01,-4.250751896757171688e-01,1.000000000000000000e+00
4.627818564176180427e-01,1.263890264241813055e+00,0.000000000000000000e+00
1.517049503731090765e-01,2.886792628110345094e-01,1.000000000000000000e+00
-1.262868046911295838e+00,1.090682241576562336e-02,0.000000000000000000e+00
2.145961662506984613e+00,-4.259569123048601580e-01,1.000000000000000000e+00
-1.476384894769477762e+00,5.015900861277262646e-01,0.000000000000000000e+00
-9.899032965842039511e-01,9.486017089639647848e-02,0.000000000000000000e+00
1.913913584819723956e+00,2.347278615352632603e-01,1.000000000000000000e+00
-3.702770498405756339e-01,1.009545984791409445e+00,0.000000000000000000e+00
4.275144482866893303e-01,-5.169699195603431052e-01,1.000000000000000000e+00
-1.266890957110736959e+00,3.330583054237157836e-01,0.000000000000000000e+00
2.978397235890944961e-01,-2.917388154382245524e-01,1.000000000000000000e+00
1.153124877555720795e+00,3.642250943918303174e-01,0.000000000000000000e+00
-2.271076953556362965e-01,8.859643712949849537e-01,0.000000000000000000e+00
4.106372542936451153e-01,-3.029706746822309338e-01,1.000000000000000000e+00
1.559920360348524104e+00,-4.631170571586017970e-01,1.000000000000000000e+00
1.331324983420552277e+00,-4.317235883521260975e-01,1.000000000000000000e+00
1.743000481685837988e-01,4.237902061545034682e-01,0.000000000000000000e+00
2.203828096429823802e+00,-2.145506202709243360e-01,1.000000000000000000e+00
-7.191601175241567612e-01,1.260253935648706580e+00,0.000000000000000000e+00
1.864832099387879194e-01,2.814382143200565567e-01,1.000000000000000000e+00
6.839214740542269855e-01,-6.945368394882760477e-01,1.000000000000000000e+00
1.422416236924446853e+00,-3.919393213193295145e-02,1.000000000000000000e+00
1.655565793869764102e+00,2.411576753758783165e-01,1.000000000000000000e+00
2.083590095438551670e-01,1.424983074556724905e+00,0.000000000000000000e+00
8.162027909634855805e-01,7.346241796089183484e-01,0.000000000000000000e+00
7.925793493405167145e-02,-1.044882221781484183e-01,1.000000000000000000e+00
-1.063520991141473804e+00,4.124943328803990505e-01,0.000000000000000000e+00
-6.097708540175977160e-03,4.950415550658350261e-01,1.000000000000000000e+00
3.312019916442115464e-01,8.315520767844373218e-01,0.000000000000000000e+00
-9.932342103344959927e-01,6.390808350161509832e-01,0.000000000000000000e+00
1.834494154890971562e-01,3.830214686069031149e-01,1.000000000000000000e+00
-8.236126733141668765e-01,6.743112788622013243e-01,0.000000000000000000e+00
-8.726386890834036958e-01,-1.521575432837107833e-01,0.000000000000000000e+00
4.987293003314042239e-01,6.432420919209522747e-01,1.000000000000000000e+00
1.592914499727325239e+00,-9.138021600817846091e-01,1.000000000000000000e+00
1.234048254427649649e+00,-5.109436637405566639e-01,1.000000000000000000e+00
5.871845999525631132e-01,6.707804636562517686e-01,0.000000000000000000e+00
1.635219299512680635e+00,3.970447965617072139e-01,1.000000000000000000e+00
1.694405553623756777e+00,1.923729050037713273e-01,0.000000000000000000e+00
1.744250615372929580e+00,-3.852319628129818319e-01,1.000000000000000000e+00
-2.224692117827864468e-02,1.133975497199835480e+00,0.000000000000000000e+00
-3.627088508022735525e-01,8.734986998994467289e-01,0.000000000000000000e+00
1.994652782122289469e+00,-3.216606569178177555e-01,1.000000000000000000e+00
3.127127979192868001e-01,-1.599530609715947571e-02,1.000000000000000000e+00
-1.204095762889947574e+00,2.413855166152802101e-01,0.000000000000000000e+00
8.240042119719847014e-01,-2.506437070150321911e-01,1.000000000000000000e+00
3.718544442009052986e-02,1.071496965286713732e-01,1.000000000000000000e+00
1.010773859137603203e+00,-3.654554763131906414e-01,1.000000000000000000e+00
8.773093734729328075e-01,-6.040670751479469969e-01,1.000000000000000000e+00
-9.040532905453796397e-02,-4.337300079249120088e-01,1.000000000000000000e+00
-3.216914758150559717e-01,7.410662225805251246e-01,0.000000000000000000e+00
9.017808848347600437e-01,-4.342355546375955555e-01,0.000000000000000000e+00
1.467245812446307252e-01,2.530425468866166483e-01,1.000000000000000000e+00
2.021851672246734566e+00,-2.395139776897692030e-01,1.000000000000000000e+00
8.185704183602342532e-01,4.153540301736908802e-01,0.000000000000000000e+00
-3.340676232216308605e-01,-3.214051284540815345e-01,1.000000000000000000e+00
-3.101897592830901162e-01,1.018704623723134528e-01,1.000000000000000000e+00
-7.344739820852213760e-03,5.720758685392575149e-01,0.000000000000000000e+00
-5.692295009262963168e-01,6.267182275963439908e-01,0.000000000000000000e+00
-9.417402395941034676e-01,6.990472665073232950e-01,0.000000000000000000e+00
-9.051965705949628349e-01,1.242777966347341945e+00,0.000000000000000000e+00
-8.088523351776644166e-01,2.917238269842699072e-01,0.000000000000000000e+00
8.953370250819416842e-01,2.619371928310485487e-01,0.000000000000000000e+00
1.061027242384385616e+00,8.010488005257304645e-01,0.000000000000000000e+00
2.391329468074575859e-01,1.047211019089429040e+00,0.000000000000000000e+00
1.366640061942516304e+00,6.003317120610234259e-01,0.000000000000000000e+00
-3.966637429324192943e-01,4.010815462034572620e-01,0.000000000000000000e+00
1.544593139957050276e+00,-3.630391829936104875e-01,1.000000000000000000e+00
1.878076427858677899e+00,-3.654623840669507517e-02,1.000000000000000000e+00
1.508038752199985844e+00,4.402853312544723896e-01,1.000000000000000000e+00
-1.042053937638663941e+00,5.367640934567440292e-01,0.000000000000000000e+00
-6.887014613031677834e-01,8.247864332160217415e-01,0.000000000000000000e+00
1.770640233926178864e+00,-4.223351393567640333e-01,1.000000000000000000e+00
-1.084211767923679126e+00,-9.554843450858767351e-02,0.000000000000000000e+00
6.848060644150989473e-01,8.858676195021265853e-02,1.000000000000000000e+00
1.600665834205258653e+00,1.747996817504353095e-01,1.000000000000000000e+00
4.875620448136083751e-01,-3.027565026220467859e-01,1.000000000000000000e+00
1.753959375892921502e+00,-1.219218674201707486e-01,1.000000000000000000e+00
1.504679968403807244e+00,7.584561934679945328e-01,1.000000000000000000e+00
-4.337492267586697814e-01,6.792466437036437377e-01,0.000000000000000000e+00
-5.888316121305299244e-01,5.305494278099944783e-01,0.000000000000000000e+00
2.344827795045131058e+00,4.156838017562893839e-01,1.000000000000000000e+00
-9.210883478802438518e-01,6.165039359667725538e-01,0.000000000000000000e+00
-1.224013074385096100e+00,7.205993652069144773e-01,0.000000000000000000e+00
2.270909373627076011e+00,2.789762420517749586e-02,1.000000000000000000e+00
1.037553765547692075e+00,-8.776353383347625936e-01,1.000000000000000000e+00
8.461958815173900028e-01,1.104458083145042790e+00,0.000000000000000000e+00
1.112213131412904454e+00,-4.778073704663953758e-01,1.000000000000000000e+00
-9.462139665218601836e-01,3.211234413045904179e-01,0.000000000000000000e+00
7.551593124863922313e-01,-7.349393108975066369e-01,1.000000000000000000e+00
-5.922738543366625752e-01,6.507256704349912990e-01,0.000000000000000000e+00
3.982121727501087283e-01,1.443636676701214316e-01,1.000000000000000000e+00
1.458500680734654109e+00,-3.153630929884172485e-01,1.000000000000000000e+00
4.655295517954468609e-01,5.933567123161906931e-01,0.000000000000000000e+00
1.325535645659064787e+00,-7.812472036689197541e-01,1.000000000000000000e+00
1.807697251560102192e+00,8.798123638798719393e-01,1.000000000000000000e+00
-8.510610032570309347e-01,-1.027993455896816788e-01,0.000000000000000000e+00
-2.466010098690546437e-01,8.565427748974243638e-01,0.000000000000000000e+00
2.069699526118018884e+00,1.513110177855812588e-01,1.000000000000000000e+00
1.796663596246230732e+00,6.552327171621144530e-03,1.000000000000000000e+00
8.303191336464310623e-01,-5.317165551826568137e-01,1.000000000000000000e+00
-1.089710234576275028e+00,5.627855924155353851e-01,0.000000000000000000e+00
1.134892505311076771e+00,-9.836892143380011611e-01,1.000000000000000000e+00
3.889835549941112469e-01,6.427941840313515787e-01,0.000000000000000000e+00
1.772051075576609902e+00,-5.085592699666163785e-02,1.000000000000000000e+00
1.543794175435303950e+00,-1.666189071497329866e-01,1.000000000000000000e+00
-4.635735457966925210e-01,5.754288181370449395e-01,0.000000000000000000e+00
7.151413249103353298e-01,3.222181392655505405e-01,0.000000000000000000e+00
1.278736441151662628e+00,-3.674956250614215270e-01,1.000000000000000000e+00
4.344567915112111933e-01,-2.150222363228797007e-01,1.000000000000000000e+00
9.910255818570692377e-01,-2.411654277609232844e-01,1.000000000000000000e+00
5.683557754359627179e-01,6.197060248770844826e-01,0.000000000000000000e+00
7.420196932428518855e-01,-1.418396153184199870e-01,1.000000000000000000e+00
8.278231152783374069e-01,1.349624178814677000e+00,0.000000000000000000e+00
4.656187886922555919e-01,-3.061045321631299387e-01,1.000000000000000000e+00
3.121983450484532296e-01,2.575658617299597108e-01,1.000000000000000000e+00
-1.697062099261217316e-01,3.730761280308194094e-01,0.000000000000000000e+00
1.545757696153552407e+00,6.434550257113444971e-01,1.000000000000000000e+00
1.991455266314021255e+00,-5.335643937646796786e-01,1.000000000000000000e+00
4.681068112726663455e-01,1.787655440696179765e-01,1.000000000000000000e+00
1.283899643949750091e+00,-4.457796702096806785e-01,1.000000000000000000e+00
5.887499347363443769e-02,3.239148433191883503e-01,1.000000000000000000e+00
1.257844886088906045e-02,5.791237031628075904e-01,1.000000000000000000e+00
1.932279669864534810e+00,1.268184064651617649e-01,1.000000000000000000e+00
7.681266784797959879e-01,6.502814872506278432e-01,0.000000000000000000e+00
1.281424274269902241e-01,-6.422799904646976366e-01,1.000000000000000000e+00
7.646771188438090672e-01,1.028808242466786038e-01,0.000000000000000000e+00
2.062040820918985773e+00,3.272806807421482778e-01,1.000000000000000000e+00
1.763185527647949780e+00,-2.335889460818975083e-01,1.000000000000000000e+00
1.391934774317751700e+00,6.914021703703414623e-01,1.000000000000000000e+00
3.581394408454769973e-01,1.495450436600518795e+00,0.000000000000000000e+00
9.263592164509742988e-01,1.306471460995012990e+00,0.000000000000000000e+00
7.909680093286964864e-01,-7.814409163119068191e-02,0.000000000000000000e+00
-9.688958452318810477e-02,-2.347209787424412164e-01,1.000000000000000000e+00
1.429145837933856855e+00,-4.438320736658449839e-01,1.000000000000000000e+00
-1.072077730415883501e-01,2.248783072915525039e-01,1.000000000000000000e+00
1.875524155435980056e+00,1.651904938972182380e-01,1.000000000000000000e+00
-1.036904694702212998e-01,1.066431047088524764e+00,0.000000000000000000e+00
-7.743030691685953704e-01,7.300791523093987934e-01,0.000000000000000000e+00
-5.179915215861096156e-01,6.301786651961094332e-01,0.000000000000000000e+00
-2.188297338024791650e-02,-3.057535524034306340e-02,1.000000000000000000e+00
-2.165756461983854575e-01,1.940510548278181202e-01,1.000000000000000000e+00
6.768301675255202765e-01,2.231119412844662087e-01,0.000000000000000000e+00
-3.528521232694480370e-01,-1.605461400923977044e-01,0.000000000000000000e+00
-2.023888610137355437e-01,1.145971941287934337e-01,1.000000000000000000e+00
-2.113968388403447696e-01,8.456973732981729608e-01,0.000000000000000000e+00
-2.937984058418890987e-02,-1.411943272955085704e-01,1.000000000000000000e+00
8.339139074657937467e-01,-8.363993018075361885e-01,1.000000000000000000e+00
2.144978084605250190e-01,1.791299343631823082e-01,0.000000000000000000e+00
5.227668843616982697e-01,4.583667856453210732e-02,0.000000000000000000e+00
6.978177542964658642e-01,-1.770539643621871218e-01,1.000000000000000000e+00
5.834538817481941253e-01,6.137946734554371453e-01,0.000000000000000000e+00
7.512489426916206803e-01,-2.586435161347984124e-01,1.000000000000000000e+00
-8.438160285427082075e-02,9.287771857338125159e-01,0.000000000000000000e+00
4.271331920517417724e-01,6.015560219467179781e-01,1.000000000000000000e+00
-9.770068702064514943e-01,-7.790386852279217178e-02,0.000000000000000000e+00
5.895907675288798444e-01,1.527221753862400666e+00,0.000000000000000000e+00
-9.278616293537764736e-01,5.341128309739935354e-01,0.000000000000000000e+00
2.135237486545663810e+00,2.676897251766846564e-01,1.000000000000000000e+00
-8.996051865308606343e-01,6.575881604019788718e-01,0.000000000000000000e+00
-1.275918301217581430e+00,9.358464892012200442e-01,0.000000000000000000e+00
9.114882169242662924e-01,1.236489338578208308e-01,0.000000000000000000e+00
-4.322877342269982881e-01,-1.435984503496749720e-01,0.000000000000000000e+00
1.809233558658215890e-01,-3.395812862024523704e-01,1.000000000000000000e+00
2.988500424009926659e-01,8.038320556996683131e-01,0.000000000000000000e+00
4.584368775803548957e-02,-3.464566948695215753e-01,1.000000000000000000e+00
9.057297317961293670e-01,3.966848682670764958e-02,0.000000000000000000e+00
2.218873991763620435e+00,3.114367071262120756e-01,1.000000000000000000e+00
4.668724439504864376e-01,4.596451453543780041e-01,0.000000000000000000e+00
1.396354299245172514e+00,-1.262787191959415356e+00,1.000000000000000000e+00
3.280518896670135964e-01,3.086459302644435354e-01,1.000000000000000000e+00
-5.595438997172771378e-01,3.981069374112050641e-01,0.000000000000000000e+00
2.290126696966812592e+00,-4.725945598038200357e-01,1.000000000000000000e+00
1.499160165020565927e+00,1.647663517598820793e-01,0.000000000000000000e+00
2.243958279830451374e+00,1.794592645480578286e-01,1.000000000000000000e+00
9.564700981582163752e-01,-3.428812960458963999e-01,1.000000000000000000e+00
-7.379339633654592445e-01,5.811021118004546793e-01,0.000000000000000000e+00
1.131168986764083950e+00,9.237697242276291520e-01,0.000000000000000000e+00
1.835345983647586054e+00,-4.676115273209905943e-01,1.000000000000000000e+00
3.780663840694566957e-01,1.998539162590626250e-02,1.000000000000000000e+00
1.225991817280509766e+00,-5.115348912849922991e-01,1.000000000000000000e+00
-1.521746345663279376e+00,-3.705301345019557102e-01,0.000000000000000000e+00
-1.194524619334864202e+00,1.520153341901508970e+00,0.000000000000000000e+00
-7.486139162953215909e-01,1.057416982141087258e+00,0.000000000000000000e+00
1.360021153996412879e+00,-3.188296800060437253e-01,1.000000000000000000e+00
-1.534944090756370227e-01,1.598997673268477970e-01,1.000000000000000000e+00
7.708909002525422549e-01,5.719358427279161994e-01,0.000000000000000000e+00
6.035410141267022466e-01,1.078265989353381693e+00,0.000000000000000000e+00
8.682705131380306085e-01,-1.727277601551590047e-01,1.000000000000000000e+00
1.750624227724925097e+00,-5.769608619615049783e-01,1.000000000000000000e+00
1.433570275727664489e+00,-8.003503765783320789e-01,1.000000000000000000e+00
-3.384229217794333944e-01,3.556203910886952535e-01,1.000000000000000000e+00
-1.259813636672475035e+00,2.503193975081106082e-01,0.000000000000000000e+00
1.462901397692609740e-01,6.115913718346069894e-01,0.000000000000000000e+00
2.012137632111183905e+00,6.974013915278873821e-01,1.000000000000000000e+00
-6.442018867195145049e-01,1.306775109610005980e+00,0.000000000000000000e+00
-5.535604060272903970e-01,7.004890959617283697e-01,0.000000000000000000e+00
1.282767447234049119e+00,-2.107674455454342510e-01,1.000000000000000000e+00
1.547196175751306413e+00,-1.355772993113733560e-01,1.000000000000000000e+00
9.511571653516605052e-01,4.422043485879854630e-01,0.000000000000000000e+00
1.870695583207101054e+00,-2.906787100953336922e-01,1.000000000000000000e+00
1.462898443514710101e+00,-4.690229666264583153e-01,1.000000000000000000e+00
4.993156134607337759e-01,1.021769303492113812e+00,0.000000000000000000e+00
-3.463482724206742858e-02,1.335968318457934290e+00,0.000000000000000000e+00
1.601227410285917252e-01,-5.833017627735153088e-01,1.000000000000000000e+00
-2.129875505879314790e-01,9.807321701313482798e-01,0.000000000000000000e+00
8.807479396572556185e-01,-4.471539526092878081e-01,1.000000000000000000e+00
2.608078051107738826e+00,7.007066605647054303e-01,1.000000000000000000e+00
6.201746678094423038e-01,-4.814535264764995826e-01,1.000000000000000000e+00
2.750437455216955263e-01,8.743625421821334953e-01,0.000000000000000000e+00
1.856190982941350986e+00,4.089218224475850150e-01,1.000000000000000000e+00
1.727203689795249408e+00,2.170457063155744881e-01,1.000000000000000000e+00
-1.200771209088743685e+00,3.465701772180713180e-01,0.000000000000000000e+00
1.069923615634361891e+00,8.505378336956713470e-02,0.000000000000000000e+00
9.970429707404310227e-01,8.521677182307286769e-01,0.000000000000000000e+00
4.280704345570294223e-01,8.137453365956739404e-01,0.000000000000000000e+00
-1.335755642752517236e+00,2.104584604585386653e-01,0.000000000000000000e+00
-8.392936371921549954e-01,4.551186723987687976e-01,0.000000000000000000e+00
-9.774970513410549122e-01,3.380711236241842332e-01,0.000000000000000000e+00
-4.483609026062164160e-01,9.739154893801774682e-01,0.000000000000000000e+00
1.569752280579325587e+00,-7.865653730104562591e-01,1.000000000000000000e+00
2.279166955782695680e+00,-2.667317351840221562e-01,1.000000000000000000e+00
-9.063559110399164176e-01,8.324228184376459838e-01,0.000000000000000000e+00
1.290997107134484789e+00,2.512533303126703865e-01,1.000000000000000000e+00
1.890457777347194446e+00,1.885129441012428353e-01,1.000000000000000000e+00
1.659224266999024477e+00,4.926755430206609110e-01,1.000000000000000000e+00
-1.372741532772895345e-01,4.414767455305727561e-01,1.000000000000000000e+00
6.883454225158098794e-01,5.178947315875106483e-01,0.000000000000000000e+00
1.703329034593112024e+00,-4.210060976390362919e-01,1.000000000000000000e+00
-7.499922456771762613e-01,1.081049480710169597e+00,0.000000000000000000e+00
-8.450936327155172956e-01,5.989114751878168441e-01,0.000000000000000000e+00
1.307016905770036208e-01,1.071428351592581318e+00,0.000000000000000000e+00
7.695689339626728964e-01,-9.597054672072330428e-02,0.000000000000000000e+00
1.237329119712174519e+00,5.300188691044189770e-01,0.000000000000000000e+00
4.303840599989989801e-01,6.339865784287281869e-01,0.000000000000000000e+00
-1.065708154968948579e-01,2.816822259088161973e-01,1.000000000000000000e+00
2.127114892991488482e+00,3.127769919243603147e-01,1.000000000000000000e+00
5.074283275278357319e-01,6.122617013530597951e-01,0.000000000000000000e+00
-2.119868079853885756e-01,1.092329529827743562e+00,0.000000000000000000e+00
1.089224802711536766e+00,6.527164558283926610e-01,0.000000000000000000e+00
8.292586552076872675e-01,6.423068753750006410e-01,0.000000000000000000e+00
-1.533615295824287440e-02,7.029160367596208880e-01,1.000000000000000000e+00
-6.171713919672111581e-02,5.463198831121837129e-01,0.000000000000000000e+00
9.477611335719693386e-01,-1.041893487717176492e-01,1.000000000000000000e+00
1.623620452087352506e+00,-5.440848286221187102e-01,1.000000000000000000e+00
1.458692478210379839e+00,-5.209999192339421770e-01,1.000000000000000000e+00
9.838220626086582321e-01,2.317871966964837604e-01,0.000000000000000000e+00
1.433274336344512623e+00,-7.115622012983222611e-01,1.000000000000000000e+00
1.233296273163880796e+00,1.904157033278668643e-01,0.000000000000000000e+00
-1.396810913609729976e+00,2.867813974441594804e-01,0.000000000000000000e+00
4.284350988079196343e-01,8.068526356813031652e-01,0.000000000000000000e+00
2.621886822173840059e-01,-6.824393414109550804e-01,1.000000000000000000e+00
-9.653423989586128462e-01,5.359159168718211630e-01,0.000000000000000000e+00
2.073932734963416236e-01,-1.088738508758809953e+00,1.000000000000000000e+00
1.414629674010250415e+00,2.680871006914506416e-02,1.000000000000000000e+00
-9.561001488735595411e-01,2.325414236926900413e-01,0.000000000000000000e+00
7.606321326433826968e-01,1.121340907106446849e+00,0.000000000000000000e+00
5.831858439927930515e-01,-3.547684440655414218e-01,0.000000000000000000e+00
6.568578664085954477e-01,3.195154220447793403e-01,0.000000000000000000e+00
-2.870464316166488339e-01,1.061409274819980819e+00,0.000000000000000000e+00
1.135200102462874616e+00,5.278356176026840485e-01,0.000000000000000000e+00
4.859842964940425114e-01,2.291150064143709919e-03,0.000000000000000000e+00
3.015322292958342310e-01,8.126625071880317908e-01,0.000000000000000000e+00
2.832496582421182296e-01,-2.071546654201373849e-01,1.000000000000000000e+00
6.067971670897779335e-01,7.468488331880515085e-01,0.000000000000000000e+00
3.600699988040721722e-02,-3.110155229811972233e-01,1.000000000000000000e+00
5.385936685402392676e-02,9.394480025642002463e-01,0.000000000000000000e+00
1.691983893377910331e+00,-1.589220128893686912e-02,1.000000000000000000e+00
1.559836691047808754e+00,-3.859728260968671165e-01,1.000000000000000000e+00
1.266601888854392621e+00,-8.651000537160800086e-01,1.000000000000000000e+00
-4.733682793814527612e-01,9.848599944980029885e-01,0.000000000000000000e+00
2.323102029827010639e+00,3.947231581809924617e-01,1.000000000000000000e+00
1.392415854272468501e+00,-4.837750475882723333e-01,1.000000000000000000e+00
-3.711768277113302594e-01,1.066764400117742095e+00,0.000000000000000000e+00
-7.005154516237062090e-01,4.089919360765077450e-01,0.000000000000000000e+00
5.099695123047386369e-01,-3.291555620428383566e-01,0.000000000000000000e+00
8.277227691864269543e-02,1.142436163839881447e+00,0.000000000000000000e+00
-7.232527118189978621e-01,9.012395062406950430e-01,0.000000000000000000e+00
-7.670990170468059421e-01,1.068867744481140747e+00,0.000000000000000000e+00
4.715211125754293908e-01,1.113137326641806757e+00,0.000000000000000000e+00
1.837587641298475960e+00,2.874533138513023500e-01,1.000000000000000000e+00
-2.890364573187746422e-01,3.085665507086765569e-01,0.000000000000000000e+00
-3.565755192613985214e-01,7.659772880234007042e-01,0.000000000000000000e+00
-6.453639613747743642e-01,1.302622468675559420e+00,0.000000000000000000e+00
2.056380271285886963e+00,2.058839271594573028e-03,1.000000000000000000e+00
1.847312619065937245e-01,8.483735121774057530e-01,0.000000000000000000e+00
3.683904555372283229e-01,1.068993440630948033e+00,0.000000000000000000e+00
2.085927614269843744e+00,3.949774251946967518e-01,1.000000000000000000e+00
7.464529564506796611e-01,7.278242699602726073e-01,0.000000000000000000e+00
4.550703295484614941e-02,1.170108075727918084e+00,0.000000000000000000e+00
9.021528800562255146e-01,-5.736749082496886976e-01,1.000000000000000000e+00
7.096983583859250988e-01,-5.125099944495981052e-01,1.000000000000000000e+00
-4.638527558332630751e-01,1.067033136527772097e+00,0.000000000000000000e+00
1.058775237379061096e+00,5.463916844852804156e-01,0.000000000000000000e+00
-1.499868351549998868e-03,9.319004767158034497e-02,1.000000000000000000e+00
-3.819130254088692888e-01,1.178311579004812204e+00,0.000000000000000000e+00
4.729085356276695462e-01,9.883292837017482180e-01,0.000000000000000000e+00
2.031858633314545415e+00,-1.282649183870697152e-01,1.000000000000000000e+00
8.301350376408782594e-01,1.259158856975500229e-01,1.000000000000000000e+00
1.684630350201164806e+00,2.452507508284741677e-02,1.000000000000000000e+00
-2.316799021414676085e-01,-5.888099716561305819e-01,1.000000000000000000e+00
-8.458552170245887680e-01,-1.481026641036381486e-01,0.000000000000000000e+00
1.557468440720081171e+00,-8.680133402279283095e-02,0.000000000000000000e+00
9.004541617732834125e-01,-7.110896036097230644e-01,1.000000000000000000e+00
1.192798612400705727e+00,-6.727603369330430461e-01,1.000000000000000000e+00
-1.592618963447489655e-01,8.953461150213766206e-01,0.000000000000000000e+00
3.698872510168652039e-02,7.047495754089325715e-01,0.000000000000000000e+00
-3.369349589254214683e-01,1.637846364417549772e-01,1.000000000000000000e+00
1.499863861578551782e+00,3.407707014459375183e-01,0.000000000000000000e+00
9.661192094788558782e-01,5.780689717546935169e-01,0.000000000000000000e+00
7.169255805318517361e-01,7.924868167005729713e-01,0.000000000000000000e+00
-6.592705970705998730e-01,1.146727334031548473e+00,0.000000000000000000e+00
1.046813519172964391e+00,1.360637195466539717e-01,1.000000000000000000e+00
-1.053205245602612417e+00,-1.302860680196820942e-01,0.000000000000000000e+00
5.502318720082488568e-01,-1.486792899098532406e-02,1.000000000000000000e+00
2.902368212962854743e-01,1.007589342786041176e+00,0.000000000000000000e+00
5.523803935844180391e-01,-7.244811275311882071e-01,1.000000000000000000e+00
-5.536827879133664476e-01,7.054279331384502028e-01,0.000000000000000000e+00
2.775975346663486221e-01,-1.812775160053238521e-01,1.000000000000000000e+00
9.501561664700385046e-02,-4.505788662871424433e-01,1.000000000000000000e+00
2.528545349763483552e-01,3.911702513059007735e-01,0.000000000000000000e+00
-1.486194187543321998e+00,9.072783089874386642e-02,0.000000000000000000e+00
2.525209327397305303e-01,-3.080405778339828649e-01,1.000000000000000000e+00
1.106464650716945108e+00,-3.100159836160610860e-01,1.000000000000000000e+00
1.627087583007404081e+00,-2.525474726015897731e-01,1.000000000000000000e+00
-5.039059272909132137e-01,3.983107273102391988e-01,0.000000000000000000e+00
1.953256676806134073e-01,-1.675419329371700961e-01,1.000000000000000000e+00
1.369567940019349450e+00,9.211257711811898785e-01,1.000000000000000000e+00
-5.766800166179275600e-02,1.166332099332578309e+00,0.000000000000000000e+00
1.495296930775029398e-01,2.996648038091151989e-01,0.000000000000000000e+00
1.034023627529884415e+00,7.644510995908937456e-01,0.000000000000000000e+00
-1.881316800519717836e-01,8.952173963987654082e-01,0.000000000000000000e+00
2.468140282801386531e-01,6.051725283117519449e-01,0.000000000000000000e+00
6.318249635382552354e-01,5.818696948644053180e-01,0.000000000000000000e+00
8.068667160171631991e-01,-6.467668635001772026e-02,1.000000000000000000e+00
1.806616539117398723e+00,-6.755277385904325804e-01,1.000000000000000000e+00
-8.510896043042969206e-01,5.090090098017623355e-01,0.000000000000000000e+00
5.171412845144043313e-01,-1.058548748095607284e+00,1.000000000000000000e+00
-1.597795697557391925e+00,5.722749099988487798e-01,0.000000000000000000e+00
5.038777357583760219e-01,-3.336732422914989726e-05,1.000000000000000000e+00
1.416540337872510547e+00,-1.611898721194505446e-01,1.000000000000000000e+00
6.884017721111955757e-01,1.267687849238251063e+00,0.000000000000000000e+00
-8.047178884026268131e-01,4.295150378908915711e-01,0.000000000000000000e+00
3.449027526424259804e-01,-8.590135958068986777e-02,1.000000000000000000e+00
2.078522602907791228e+00,4.996384917719827179e-01,1.000000000000000000e+00
9.216708062373790700e-01,3.019062753051036663e-01,0.000000000000000000e+00
1.583243938054994082e+00,1.441978146231633895e-01,0.000000000000000000e+00
2.273879151974770974e+00,8.739378979038497919e-02,1.000000000000000000e+00
6.202037404030177337e-01,9.621407856268534564e-01,1.000000000000000000e+00
-2.529735221348393681e-01,1.121688462802516995e+00,0.000000000000000000e+00
5.536579863511381649e-01,8.120114227560953912e-01,0.000000000000000000e+00
2.760287463293766841e-01,6.460018186307395771e-01,0.000000000000000000e+00
9.066041102423380016e-01,-5.209923418543430662e-01,1.000000000000000000e+00
7.017243928200578296e-03,-3.441863243151699336e-01,1.000000000000000000e+00
5.604552040592882811e-01,-6.757240462619853449e-01,1.000000000000000000e+00
3.739357315712917296e-01,1.237939411546199242e+00,0.000000000000000000e+00
2.121408499010258186e+00,9.282303448322824779e-02,1.000000000000000000e+00
-8.599684480523493990e-01,7.530461141910789191e-01,0.000000000000000000e+00
6.588148233652567631e-01,6.426997889662074970e-01,0.000000000000000000e+00
5.621177455893504593e-01,-9.748162878844721657e-01,1.000000000000000000e+00
9.884150349796253510e-01,-4.226786583274615428e-01,1.000000000000000000e+00
1.612111249915273992e-02,6.758239991362851029e-01,0.000000000000000000e+00
2.316203124370646016e-01,9.447907209323895827e-01,0.000000000000000000e+00
4.351598433970346180e-01,-4.565095318507008115e-01,1.000000000000000000e+00
6.329121190343421910e-01,-3.531055226482007758e-01,1.000000000000000000e+00
1.802435766618915025e+00,-1.837970348613817972e-01,1.000000000000000000e+00
-1.211316241276875205e+00,1.837305647641267470e-01,0.000000000000000000e+00
1.889240310710797566e+00,4.832520962758757865e-01,1.000000000000000000e+00
1.964344487189850497e-01,6.813102050858559355e-01,0.000000000000000000e+00
-9.215040963503765559e-01,7.246804768138765951e-01,0.000000000000000000e+00
1.653857579110322940e+00,-8.954352038465383801e-02,1.000000000000000000e+00
-9.748625022347596758e-01,-1.595070080253130351e-02,0.000000000000000000e+00
-1.697149825203011775e-01,1.237535270840947055e+00,0.000000000000000000e+00
1.222495300337486990e+00,-4.758714596323983526e-01,1.000000000000000000e+00
2.008423625045131278e+00,-1.799781637975286230e-01,1.000000000000000000e+00
7.460728017770962284e-01,-4.600328050130320090e-01,0.000000000000000000e+00
-5.365089403213153529e-01,-4.532722899502425462e-01,0.000000000000000000e+00
1.648960822164316498e-01,1.155729308514948706e+00,0.000000000000000000e+00
1.970850784581093196e+00,2.096120459599601360e-01,1.000000000000000000e+00
9.724114417904559104e-01,-8.638109919306428963e-02,0.000000000000000000e+00
4.126439499334702554e-02,-2.450129868208285044e-01,1.000000000000000000e+00
-1.848795975545405312e-01,1.924857981926091366e-01,1.000000000000000000e+00
-8.138254623461776971e-01,2.313532529213757072e-01,0.000000000000000000e+00
1.030602696894005188e+00,-3.165134834301429612e-01,1.000000000000000000e+00
1.857631051351068985e+00,-1.367953222018855330e-01,1.000000000000000000e+00
3.246427448767615909e-01,-7.140229535923204862e-01,1.000000000000000000e+00
4.833164589806988598e-01,3.884472575334921851e-01,0.000000000000000000e+00
-3.656932720695204586e-01,7.272361434879051068e-01,0.000000000000000000e+00
-1.281982836175536988e-01,4.964296018428966950e-01,1.000000000000000000e+00
1.078180811399428896e+00,-2.799007029121154400e-01,1.000000000000000000e+00
2.510052942421360789e-01,9.791773431910006931e-01,0.000000000000000000e+00
-1.099885860803499760e-01,9.883608931035249290e-01,0.000000000000000000e+00
7.934414376547347381e-01,2.027195606141621032e-01,0.000000000000000000e+00
1.071776614385664850e+00,4.703515315823315612e-01,0.000000000000000000e+00
-6.913923641900234784e-01,1.244712004136137251e+00,0.000000000000000000e+00
6.973634389552891832e-01,5.489464087473505671e-02,1.000000000000000000e+00
-4.210005645510092043e-01,3.909758258032784983e-01,0.000000000000000000e+00
1.418626497164123146e+00,4.575928228046676760e-01,0.000000000000000000e+00
-6.280893248824539477e-01,5.883547634926078462e-01,0.000000000000000000e+00
-3.711340609040901239e-01,2.024302833387678358e-01,1.000000000000000000e+00
-6.395649746979672479e-01,-8.447762346519571697e-02,0.000000000000000000e+00
2.832337813151361572e-01,1.212589770653436760e+00,0.000000000000000000e+00
2.247945491489165004e-01,-5.104292077886335433e-01,1.000000000000000000e+00
-1.043998358714319091e-01,3.261288452138155769e-01,1.000000000000000000e+00
7.960559765281738365e-02,6.735810199154884659e-02,1.000000000000000000e+00
1.493095888030022467e+00,-5.058774599385987836e-01,1.000000000000000000e+00
2.706982875473349370e+00,2.219252941887353558e-02,1.000000000000000000e+00
5.174722604324016872e-01,-3.436921610644376179e-01,1.000000000000000000e+00
-1.776241669388889388e-03,9.844026218543449058e-01,0.000000000000000000e+00
1.084117636850473021e+00,1.186536337579274791e-02,1.000000000000000000e+00
-2.691581569086804460e-01,1.146321882893076349e+00,0.000000000000000000e+00
-7.838558728755719018e-01,1.016385485209981621e+00,0.000000000000000000e+00
3.968043030762088419e-01,1.051906089840444203e-01,1.000000000000000000e+00
-5.400948929192866954e-01,8.822150273567868073e-01,0.000000000000000000e+00
4.870084361504332660e-01,4.429229633181280823e-02,1.000000000000000000e+00
6.254947356827778027e-01,1.131213162245660708e+00,0.000000000000000000e+00
7.061975891814707973e-01,-6.575116499788469238e-02,1.000000000000000000e+00
-6.633093095101625369e-01,4.209022325971539802e-01,0.000000000000000000e+00
5.665621403239138321e-01,8.964869258097785121e-01,0.000000000000000000e+00
1.567353466685006691e-01,7.743779939302374293e-01,1.000000000000000000e+00
-4.237805417157426424e-01,1.301318321079064866e+00,0.000000000000000000e+00
1.376707716069555110e-01,5.843258716096744187e-02,1.000000000000000000e+00
5.593787886117725927e-01,-4.405843552118089423e-01,1.000000000000000000e+00
-9.879040372038607742e-01,3.022405339753191367e-01,0.000000000000000000e+00
1.069032547534627398e-01,1.031930065624549364e+00,0.000000000000000000e+00
4.878694471254455683e-02,1.172810768405950554e+00,0.000000000000000000e+00
6.255103280885727646e-01,7.536089974362523147e-01,0.000000000000000000e+00
-1.053990495614998579e+00,2.186906022374856262e-01,0.000000000000000000e+00
4.440944664392032504e-01,-4.545998412905394304e-01,1.000000000000000000e+00
1.534056654566143152e+00,9.284910680287886131e-02,1.000000000000000000e+00
1.961639164630645915e+00,-8.707277142808468318e-01,1.000000000000000000e+00
3.203906781037554885e-01,-1.550675564491296177e-01,1.000000000000000000e+00
1.002353215377288054e+00,3.568188025071948322e-01,0.000000000000000000e+00
1.502918734528865041e+00,-8.070031883921664484e-01,1.000000000000000000e+00
-1.202201314842914481e+00,-8.358248536518095295e-02,0.000000000000000000e+00
1.275815436480577381e+00,6.297559110297789031e-01,0.000000000000000000e+00
1.357284757937000208e+00,2.410346209710381160e-01,0.000000000000000000e+00
7.575172090171801154e-01,1.955771336480665035e-01,1.000000000000000000e+00
7.725940966555399081e-01,-7.757232901096933197e-01,0.000000000000000000e+00
-6.772257772441271362e-01,1.000981347109765274e+00,0.000000000000000000e+00
-9.105015260125515209e-02,3.706619201936333097e-01,0.000000000000000000e+00
1.481654036976409294e+00,-2.116796608402988500e-01,1.000000000000000000e+00
2.117985184704488100e-01,1.892427368400786680e-01,1.000000000000000000e+00
3.909490540707381556e-01,8.129201800611182138e-01,0.000000000000000000e+00
2.580453463477968001e-01,-4.365312399367725082e-01,1.000000000000000000e+00
4.703519452192156391e-02,7.546109483946672469e-02,1.000000000000000000e+00
4.523188862057075932e-01,9.837744237215325649e-01,0.000000000000000000e+00
-6.195334928426717847e-01,9.953780477930298520e-01,0.000000000000000000e+00
9.512754693906814163e-01,5.886342178537745662e-01,0.000000000000000000e+00
4.163568667620105024e-01,-5.892256199189962462e-01,1.000000000000000000e+00
-9.236954878482296349e-01,-2.555107982836467562e-01,0.000000000000000000e+00
-1.761832958550434147e-01,8.168384315963442832e-01,0.000000000000000000e+00
9.339341923174762083e-01,5.629364367383193901e-01,0.000000000000000000e+00
-3.443168058421042926e-02,1.035150506994909181e+00,0.000000000000000000e+00
1.871291539051973318e+00,4.315747396329058794e-01,1.000000000000000000e+00
1.730941379642573885e+00,-1.796083066652455484e-01,1.000000000000000000e+00
2.700686458343153906e-01,-2.152988802511365818e-01,1.000000000000000000e+00
1.105801262838403964e+00,-5.245122791330706358e-01,1.000000000000000000e+00
-6.591853592069322199e-01,1.078054943901626483e+00,0.000000000000000000e+00
1.520749321379922803e+00,-1.058599665912523413e+00,1.000000000000000000e+00
8.470373670941924171e-01,2.941333402720381907e-01,0.000000000000000000e+00
4.467465977123069032e-01,3.302632885440659471e-02,1.000000000000000000e+00
-4.642352110154744360e-01,1.022652263150390484e+00,0.000000000000000000e+00
1.650182057291315063e+00,-2.124119397430477008e-01,1.000000000000000000e+00
1.223205827865749606e+00,-7.540263732593312229e-02,1.000000000000000000e+00
1.140067694173570123e+00,-4.283513265080898802e-01,0.000000000000000000e+00
7.188378632957559411e-01,1.085643870613001383e+00,0.000000000000000000e+00
-5.356723591477007274e-01,9.388456103171369804e-01,0.000000000000000000e+00
1.706078839882180231e+00,-1.770873565020160689e-01,1.000000000000000000e+00
5.813962738802936903e-01,-1.718101688898469037e-01,1.000000000000000000e+00
1.417088132450746940e+00,1.356372552138380150e-01,1.000000000000000000e+00
-2.502119773502695654e-01,4.586476249708311415e-02,1.000000000000000000e+00
2.190017584013908891e+00,-4.778843189115721257e-01,1.000000000000000000e+00
1.124357982307121695e+00,1.433233484710589867e+00,0.000000000000000000e+00
1.034978427517989186e+00,-1.423868437228340000e-01,1.000000000000000000e+00
-3.918652622831470533e-01,1.133564390197671301e+00,0.000000000000000000e+00
3.812826077449624762e-01,-4.696279232415286886e-01,1.000000000000000000e+00
-6.096843012534676198e-01,8.073527950535470676e-01,0.000000000000000000e+00
-6.374418538365435039e-01,4.439559017865153945e-01,0.000000000000000000e+00
1.997486897353859980e+00,-2.169980069723501104e-01,1.000000000000000000e+00
2.346226857037887470e+00,2.105002501668654658e-01,1.000000000000000000e+00
-9.751181986956444225e-01,3.617953259217538964e-01,0.000000000000000000e+00
8.325582211682029943e-01,6.360689931170254718e-02,0.000000000000000000e+00
1.097596698321037456e+00,-3.924127443808063109e-01,1.000000000000000000e+00
-6.726226252922679061e-01,1.776712024145649105e-01,0.000000000000000000e+00
-5.439137241010937041e-02,5.071173275982359119e-01,0.000000000000000000e+00
1.184608787652426720e+00,9.840599271972885198e-01,0.000000000000000000e+00
-7.399317886744011252e-02,-7.031815034274087051e-01,1.000000000000000000e+00
1.565700685222613520e-01,2.741397218953858794e-01,1.000000000000000000e+00
9.612136917639073630e-01,4.504471132735545225e-01,0.000000000000000000e+00
-9.357378220476658681e-02,6.069249083572084702e-01,0.000000000000000000e+00
5.965758923170454420e-01,-3.796987634599423012e-01,1.000000000000000000e+00
1.571699297174630416e+00,-3.987251632350602426e-01,1.000000000000000000e+00
9.922090247668938767e-01,1.197004029661638658e+00,0.000000000000000000e+00
1.094496456269002715e+00,-2.613725944322510264e-01,0.000000000000000000e+00
3.475425431665572079e-02,1.638593710212516430e-01,1.000000000000000000e+00
1.590913184328003771e+00,-8.912391466396518691e-02,1.000000000000000000e+00
1.157407586339940675e+00,-2.938500642616282965e-01,1.000000000000000000e+00
1.066004602726998485e+00,-1.016556322090475195e+00,1.000000000000000000e+00
-1.095480512551613828e+00,5.870976403889416328e-02,0.000000000000000000e+00
6.202751913514601423e-01,-5.425561319378058300e-01,1.000000000000000000e+00
-6.540442649802974406e-01,7.360120515934255314e-01,0.000000000000000000e+00
5.286290982240083869e-01,1.260643741299881437e+00,0.000000000000000000e+00
-5.994113891582075748e-02,3.728429695844319158e-01,1.000000000000000000e+00
3.699832506421160683e-01,1.207566320846171770e-01,1.000000000000000000e+00
-3.771073921833954512e-01,4.929518573347732580e-01,0.000000000000000000e+00
2.199934942959565376e+00,-9.831756825263296418e-02,1.000000000000000000e+00
2.125473059267143583e+00,9.311441975456584697e-01,1.000000000000000000e+00
1.932871665624549706e+00,-2.255189613507615209e-01,1.000000000000000000e+00
1.270740104888479438e+00,9.680130851030164241e-01,0.000000000000000000e+00
-6.331763936722928365e-01,5.828024662361641628e-01,0.000000000000000000e+00
2.205435128494262487e-03,-3.756903263039482743e-01,1.000000000000000000e+00
-4.619145597734208852e-01,-3.293629818446138779e-01,0.000000000000000000e+00
-1.300301036020768741e+00,4.055962845554962337e-01,0.000000000000000000e+00
6.583073363933960032e-01,-2.785667580283490152e-01,1.000000000000000000e+00
3.939414823572714441e-01,-4.566613387689527626e-01,1.000000000000000000e+00
1.242120475101927413e-01,-4.379272311760662451e-02,1.000000000000000000e+00
1.168520694581379082e+00,-5.965940541122295437e-01,1.000000000000000000e+00
6.023707138595009170e-01,-2.346979400805611626e-01,1.000000000000000000e+00
1.753362863949019301e+00,-2.395849986931785636e-01,1.000000000000000000e+00
-6.319067358985803740e-01,8.441016990198202397e-01,0.000000000000000000e+00
6.442686914559985212e-01,-4.208911458480538714e-01,1.000000000000000000e+00
3.223272422870303577e-01,-1.637666685959926482e-02,1.000000000000000000e+00
2.137295394610398414e-01,3.675671391885945161e-01,1.000000000000000000e+00
-4.023956520820615168e-02,2.338404748285169976e-01,0.000000000000000000e+00
-2.030446797954034710e-01,1.031066302949485758e+00,0.000000000000000000e+00
7.186239343711753325e-01,-3.212583054303760344e-01,0.000000000000000000e+00
1.764867973509605559e+00,1.340904327957607167e-01,1.000000000000000000e+00
2.116737124375127621e+00,2.286898957754556760e-01,1.000000000000000000e+00
-8.288233861002246572e-01,7.203913397460608159e-02,0.000000000000000000e+00
1.141672920244763967e+00,-5.188528235571030489e-01,1.000000000000000000e+00
-8.281828612939559076e-01,2.790456161700781701e-01,0.000000000000000000e+00
4.999590415492472517e-01,-2.733302855737909098e-01,1.000000000000000000e+00
-9.642926957636158702e-01,9.178079292217373730e-01,0.000000000000000000e+00
2.760318008458827466e-01,3.845049139097758695e-01,1.000000000000000000e+00
2.526971981020608160e-01,-1.002040519337632496e-01,1.000000000000000000e+00
1.985866923000201512e+00,-3.374478643248646770e-01,1.000000000000000000e+00
3.512295505652178185e-01,1.020748186780041422e+00,0.000000000000000000e+00
4.541323931284381166e-01,1.380264823014255571e-01,1.000000000000000000e+00
-1.569168177614329585e-01,-1.872131473864227236e-01,1.000000000000000000e+00
-8.858839594150158536e-02,1.171269566872187085e+00,0.000000000000000000e+00
-8.346987101830221079e-01,3.115681494280997388e-01,0.000000000000000000e+00
6.388451022409529223e-01,-2.781722819012255599e-01,1.000000000000000000e+00
6.530901577830086069e-01,2.975745356774339156e-01,0.000000000000000000e+00
1.758032089265860076e+00,1.020930234074089449e-01,1.000000000000000000e+00
-1.364364068155748511e+00,1.012346993885237800e-01,0.000000000000000000e+00
8.370725026681036240e-01,-6.550240041805239777e-01,1.000000000000000000e+00
8.426398025761425714e-01,-6.526857029659983711e-01,1.000000000000000000e+00
1.962706361402589694e+00,-4.949631382538136060e-01,1.000000000000000000e+00
-3.169701732425055374e-01,4.780643612706673151e-01,1.000000000000000000e+00
2.748037954317460452e-01,1.842374773413864020e-01,1.000000000000000000e+00
9.590646653930940957e-01,-1.547510055778634763e-01,1.000000000000000000e+00
1.754022761301989197e+00,-2.512603166532255683e-01,1.000000000000000000e+00
5.181348052143938676e-02,3.029125297299133379e-01,1.000000000000000000e+00
1.855550505900324332e+00,-3.674657124774975969e-01,1.000000000000000000e+00
-3.501029049208257971e-01,9.758949310875950633e-01,0.000000000000000000e+00
4.445713891944799712e-02,1.081634912134474824e+00,0.000000000000000000e+00
-4.978754912380443098e-01,-6.144857303316159092e-01,0.000000000000000000e+00
-9.294669965085856633e-01,4.153197955601900526e-01,0.000000000000000000e+00
2.520702793481659487e-01,1.216654263695836846e+00,0.000000000000000000e+00
7.264982436453665260e-01,1.306322452235311182e-01,0.000000000000000000e+00
5.775265290015266229e-02,-1.250439837125393305e-01,1.000000000000000000e+00
2.139200533052890929e+00,1.902200293835460132e-01,1.000000000000000000e+00
7.038859101585888123e-01,-2.817288774392774364e-01,0.000000000000000000e+00
4.939200342412424227e-01,-2.181708731964741299e-01,1.000000000000000000e+00
-1.020317816789035215e+00,6.766388773916098831e-01,0.000000000000000000e+00
-1.179659046620259444e-01,-1.261168211528971295e-01,1.000000000000000000e+00
2.408794481027049184e+00,5.380994290808501779e-01,1.000000000000000000e+00
6.327046170837687944e-01,1.347541394462594466e+00,0.000000000000000000e+00
2.473799445931611718e+00,2.803848755606729304e-01,1.000000000000000000e+00
1.730935305701724936e+00,4.060904723217984014e-01,1.000000000000000000e+00
1.010038885022356059e+00,-2.466913282164950871e-01,1.000000000000000000e+00
1.022517323564737790e+00,-3.942340537190388017e-01,1.000000000000000000e+00
2.431033341263972858e-01,1.270017638164776530e+00,0.000000000000000000e+00
5.112367941240494318e-01,8.999036118834795595e-01,0.000000000000000000e+00
2.536462478152138322e-01,2.620814903442488797e-01,1.000000000000000000e+00
-8.423899009298189966e-02,2.729242269056930681e-01,1.000000000000000000e+00
1.682771177716683830e+00,-6.468915336686285045e-01,1.000000000000000000e+00
5.171120506844117948e-01,5.511418855390872729e-01,0.000000000000000000e+00
9.407955086421910806e-01,2.115900391302888428e-01,0.000000000000000000e+00
1.044756333501718037e+00,3.909351856992114849e-01,0.000000000000000000e+00
-2.928509950593197741e-01,3.085703947940818814e-01,1.000000000000000000e+00
1.890361083765913719e+00,-5.375819846870228957e-01,1.000000000000000000e+00
1.216659017934042630e+00,1.945049558557433445e-01,1.000000000000000000e+00
-1.647677500332246359e-01,1.177665053365785364e-01,1.000000000000000000e+00
-1.074431934412894973e-01,7.047938640467374949e-01,0.000000000000000000e+00
-1.359928292516415116e+00,2.302588105531633289e-01,0.000000000000000000e+00
-9.105301191595019938e-01,-5.274471186570001829e-02,0.000000000000000000e+00
2.298880335387099016e+00,2.127732376012428372e-01,1.000000000000000000e+00
-8.402819642233245734e-01,5.926132063020016494e-01,0.000000000000000000e+00
1.261496774020874012e+00,-5.105292709308382193e-01,1.000000000000000000e+00
6.784777001565862609e-01,3.529967190047680337e-01,0.000000000000000000e+00
-1.250007850992047365e+00,3.775760867645132635e-01,0.000000000000000000e+00
4.117299802722965696e-01,6.824543919114071100e-01,0.000000000000000000e+00
1.748286974165822905e+00,-2.333476045284469946e-01,1.000000000000000000e+00
1.836702696632417142e+00,-5.783136261811542417e-02,1.000000000000000000e+00
5.361684251002791779e-01,-3.534499441882873461e-01,1.000000000000000000e+00
-4.791545820199590855e-01,4.427153353718202844e-01,0.000000000000000000e+00
3.985819943953420874e-01,-8.882937114538584922e-01,1.000000000000000000e+00
2.148084251652449428e+00,5.583496979659194892e-01,1.000000000000000000e+00
8.984901575241448501e-01,-7.408408890175921524e-01,1.000000000000000000e+00
1.076965969060579287e+00,-4.674016314383816484e-01,1.000000000000000000e+00
1.941079597724719275e+00,-1.527803291030327137e-01,1.000000000000000000e+00
1.556335943760608131e+00,-2.982370548089536832e-01,1.000000000000000000e+00
-2.805937094391751652e-01,8.350656180784739036e-01,0.000000000000000000e+00
1.072343490125317322e-01,2.927999801944832781e-01,1.000000000000000000e+00
-9.835598702336749710e-01,1.195316678030108992e+00,0.000000000000000000e+00
1.091049159113843148e+00,8.607955028860112545e-01,0.000000000000000000e+00
-1.470710056093173790e-01,5.367131084854011025e-01,1.000000000000000000e+00
1.784594627877044148e-01,6.924360827262370233e-01,1.000000000000000000e+00
-1.037696588799696285e+00,9.373000066501107064e-01,0.000000000000000000e+00
1.679482775748904477e-01,7.048789224107728790e-01,0.000000000000000000e+00
2.027404413940507411e+00,-1.028513863604071377e-01,1.000000000000000000e+00
3.402269200253205117e-01,6.675935672175364877e-01,0.000000000000000000e+00
-6.714651619747274980e-02,7.110499003594616951e-01,0.000000000000000000e+00
6.845604499490300920e-01,9.333603843836590919e-01,0.000000000000000000e+00
7.967171773889328845e-01,3.385308217807989073e-01,0.000000000000000000e+00
2.245007499245674568e-02,3.212202201007581248e-01,1.000000000000000000e+00
1.324578236951369448e+00,-8.128124609890630126e-01,1.000000000000000000e+00
2.244134390480232000e+00,3.313094226079170701e-01,1.000000000000000000e+00
1.693014909722582173e-01,8.380800960583600911e-01,0.000000000000000000e+00
-2.532615763860412983e-02,1.210775314782371437e+00,0.000000000000000000e+00
-6.727551316433575401e-01,1.007956276140173690e+00,0.000000000000000000e+00
-1.038525952777603845e+00,5.502509694580346444e-01,0.000000000000000000e+00
1.317050475769524498e+00,-9.162810994519581254e-01,1.000000000000000000e+00
2.187898206155898695e+00,-3.407152213121389384e-01,1.000000000000000000e+00
1.348350042087720579e+00,1.509703859397603098e-01,1.000000000000000000e+00
1.454290802210387090e+00,-6.749460396935844653e-01,1.000000000000000000e+00
4.964992794566130963e-02,9.561349800354165263e-01,0.000000000000000000e+00
3.383728959587171126e-01,8.312937489659250057e-01,0.000000000000000000e+00
-7.329635886835200731e-01,4.179759177973449424e-01,0.000000000000000000e+00
1.555025783101519732e+00,-6.232440896170146072e-01,1.000000000000000000e+00
-1.018085374727346060e-01,4.624131084312594897e-01,0.000000000000000000e+00
1.466774204870530340e+00,-4.063675213849577972e-01,1.000000000000000000e+00
-3.465969400976384174e-01,5.629399128362697624e-01,0.000000000000000000e+00
1.812051983195958282e+00,2.509581718579284582e-01,1.000000000000000000e+00
1.795170430479067436e+00,9.173620180291646165e-01,1.000000000000000000e+00
-2.282834737179168516e-01,1.506719061243033009e+00,0.000000000000000000e+00
1.575685300193639393e-01,4.399633399041441573e-02,1.000000000000000000e+00
1.536228644243554653e+00,5.347141383342329801e-01,0.000000000000000000e+00
3.498762354376827588e-01,1.409691739153349443e+00,0.000000000000000000e+00
1.116047870516776008e+00,1.019188994703157380e-03,0.000000000000000000e+00
-2.238471986100414313e-01,1.482802130178461297e+00,0.000000000000000000e+00
6.673076076979972404e-01,-1.020665687448995551e-01,0.000000000000000000e+00
2.530396307055080563e+00,-2.823717981233070384e-02,1.000000000000000000e+00
3.311373779447729371e-02,1.287423175503578765e+00,0.000000000000000000e+00
-1.367162940473086064e+00,8.361396169095107744e-01,0.000000000000000000e+00
7.310631145352428639e-01,-5.088322076565762186e-01,1.000000000000000000e+00
-5.178809069973498991e-01,6.678255645777995131e-01,0.000000000000000000e+00
8.388717212388419053e-01,-3.864495711789517896e-01,1.000000000000000000e+00
-4.898697503363111383e-01,1.235730013202921862e+00,0.000000000000000000e+00
8.859097410849133825e-01,6.261023429466185952e-01,0.000000000000000000e+00
-1.081327967474766005e+00,2.327889170783571937e-01,0.000000000000000000e+00
1.510390106898328311e-01,-2.377075963837180783e-01,1.000000000000000000e+00
3.300334662269687191e-01,-2.786922852191234257e-01,1.000000000000000000e+00
-3.353538857628144410e-01,2.152971070472135540e-01,1.000000000000000000e+00
1.605958347118664697e+00,-2.649826074031638168e-01,1.000000000000000000e+00
1.176927411916029120e+00,-9.935305411699940636e-01,1.000000000000000000e+00
2.087216034043323454e+00,-8.220197484980583669e-01,1.000000000000000000e+00
4.054584720961955102e-01,-9.877864921694232692e-01,1.000000000000000000e+00
1.475560856528195242e-01,1.410226455102365772e+00,0.000000000000000000e+00
2.856126449014023128e-01,-7.627006812018188864e-02,1.000000000000000000e+00
1.287855437767740918e+00,-5.178915719285712704e-01,1.000000000000000000e+00
-8.139860653411434832e-02,-4.998536007033786421e-01,1.000000000000000000e+00
7.779317042241258306e-01,-1.384186809386988848e-01,1.000000000000000000e+00
1.525893644078283540e+00,-5.006960903674074759e-01,1.000000000000000000e+00
-1.132026509800624581e+00,2.488330477624154102e-01,0.000000000000000000e+00
8.670152388274147137e-01,-3.243170741307616067e-01,1.000000000000000000e+00
8.308286822561359308e-01,8.087692488221430720e-01,0.000000000000000000e+00
5.030798813116681423e-01,1.097818009506297487e+00,0.000000000000000000e+00
5.593998771281361027e-01,-1.508279746737701821e-01,1.000000000000000000e+00
1.470328265581757776e+00,-6.050664875778989371e-01,1.000000000000000000e+00
1.298402815618471484e+00,-4.870710362803857829e-01,1.000000000000000000e+00
1.613011357097159149e+00,-5.891265306108884880e-01,1.000000000000000000e+00
1.115760611508274547e+00,-5.259961770708463380e-01,1.000000000000000000e+00
2.003195620615223049e+00,5.966267187721792098e-01,1.000000000000000000e+00
7.974540262381135669e-01,-5.543103144705009422e-01,1.000000000000000000e+00
8.431815700041125350e-01,-5.899720145077450573e-01,1.000000000000000000e+00
2.270287890161216460e+00,-3.862655766529601853e-01,1.000000000000000000e+00
1.758275208735978756e-01,-2.666555277459004003e-01,1.000000000000000000e+00
8.590671738430867566e-02,1.074511637360410665e+00,0.000000000000000000e+00
1.604424218463671448e+00,3.271927827570753067e-01,0.000000000000000000e+00
1.544599376846842897e+00,3.593988681830150855e-01,0.000000000000000000e+00
-6.717455304386831250e-01,8.687235701186021286e-01,0.000000000000000000e+00
-8.607092249618875091e-02,1.030423963892886485e+00,0.000000000000000000e+00
8.731090073577297828e-01,-6.362224033204604279e-01,1.000000000000000000e+00
7.002499764911069846e-01,8.442087043442022543e-01,0.000000000000000000e+00
-6.230572579733404392e-01,1.110510992628568783e+00,0.000000000000000000e+00
2.670001123328416548e-01,5.816772914271115535e-01,0.000000000000000000e+00
1.411274087173712277e-01,1.327973313251626930e+00,0.000000000000000000e+00
-1.000916855440067144e-01,5.517705742281387993e-01,0.000000000000000000e+00
-1.295789767953375859e+00,-2.884304846351597451e-01,0.000000000000000000e+00
2.021434136172222396e-01,-1.033495742204412204e-01,1.000000000000000000e+00
-4.909076514041099681e-03,1.204082318368438154e+00,0.000000000000000000e+00
1.630107948459731393e+00,2.571393265993578425e-01,1.000000000000000000e+00
1.050702672772604873e-01,-1.622825244097159114e-02,1.000000000000000000e+00
1.507771171148495570e+00,-4.490379127304148232e-01,1.000000000000000000e+00
2.314095282067660353e+00,-1.279184549987740505e-01,1.000000000000000000e+00
3.650110216674061214e-01,9.527990723340175050e-01,1.000000000000000000e+00
7.597006100254301009e-01,3.954357285015830392e-01,0.000000000000000000e+00
-1.287811746855800132e+00,1.028513726523820199e-01,0.000000000000000000e+00
-2.922377023555460251e-01,7.500313605745951850e-01,0.000000000000000000e+00
6.490868893616594804e-01,8.658336852376457005e-01,0.000000000000000000e+00
1.635224693424644160e+00,8.352342378330246397e-01,1.000000000000000000e+00
1.107394822320208194e-01,4.620590417039679432e-01,1.000000000000000000e+00
1.917051688270599297e-01,6.836347914677280979e-01,0.000000000000000000e+00
6.896353526728193906e-01,-9.122839469216548203e-01,1.000000000000000000e+00
2.882288718170820108e-01,1.813523194877432188e-01,1.000000000000000000e+00
-1.284451290738432006e+00,3.431899753674656495e-01,0.000000000000000000e+00
6.482633672795266033e-01,4.686119619585004115e-01,0.000000000000000000e+00
-6.512680604502905091e-01,7.253671303816763838e-02,0.000000000000000000e+00
2.039281105897698509e+00,3.384343394315708631e-01,0.000000000000000000e+00
1.132717527969201887e+00,7.304517901979080685e-01,0.000000000000000000e+00
3.189635582904508659e-01,5.000574493620991712e-01,0.000000000000000000e+00
